{"eval/loss": 2.085675001144409, "eval/model_preparation_time": 0.0024, "eval/runtime": 10.8371, "eval/samples_per_second": 76.312, "eval/steps_per_second": 9.597, "train/global_step": 165, "_timestamp": 1747088223.7284045, "_runtime": 273.07602548599243, "_step": 21, "train/loss": 2.4625, "train/grad_norm": 1.4921875, "train/learning_rate": 0.0005, "train/epoch": 0.9969788519637462, "train_runtime": 254.8419, "train_samples_per_second": 25.977, "train_steps_per_second": 0.647, "total_flos": 1.732161745575936e+16, "train_loss": 2.3470710985588306}