{"_runtime": 467.0469870567322, "_step": 351, "_timestamp": 1747335079.8766282, "eval/loss": 9.853433609008789, "eval/model_preparation_time": 0.0066, "eval/runtime": 0.6119, "eval/samples_per_second": 114.399, "eval/steps_per_second": 14.708, "total_flos": 1.35988519108608e+16, "train/epoch": 1.9985569985569986, "train/global_step": 346, "train/grad_norm": 1.421875, "train/learning_rate": 1.0993018567162505e-08, "train/loss": 7.9089, "train_loss": 0.0, "train_runtime": 0.0028, "train_samples_per_second": 4868357.21, "train_steps_per_second": 121533.304}