{"eval/loss": 2.7538247108459473, "eval/model_preparation_time": 0.0024, "eval/runtime": 10.8751, "eval/samples_per_second": 76.045, "eval/steps_per_second": 9.563, "train/global_step": 330, "_timestamp": 1747161174.4649863, "_runtime": 286.3001503944397, "_step": 22, "train/loss": 2.3071, "train/grad_norm": 1.078125, "train/learning_rate": 0.0005, "train/epoch": 1.9969788519637461, "train_runtime": 253.6832, "train_samples_per_second": 52.191, "train_steps_per_second": 1.301, "total_flos": 3.453042290393088e+16, "train_loss": 1.1535559769832726}