{"eval/loss": 10.129779815673828, "eval/model_preparation_time": 0.0065, "eval/runtime": 1.1693, "eval/samples_per_second": 59.864, "eval/steps_per_second": 7.697, "train/global_step": 173, "_timestamp": 1747333963.6349945, "_runtime": 203.41769647598267, "_step": 174, "train/loss": 7.9152, "train/grad_norm": 1.265625, "train/learning_rate": 4.423479392709484e-08, "train/epoch": 0.9985569985569985, "train_runtime": 199.4467, "train_samples_per_second": 34.746, "train_steps_per_second": 0.867, "total_flos": 6799425955430400.0, "train_loss": 8.17569182511699}