{"eval/loss": 3.099393606185913, "eval/model_preparation_time": 0.0024, "eval/runtime": 18.6717, "eval/samples_per_second": 80.389, "eval/steps_per_second": 10.069, "train/global_step": 600, "_timestamp": 1747161693.4676683, "_runtime": 88.09802031517029, "_step": 1, "train_runtime": 0.0041, "train_samples_per_second": 5863042.339, "train_steps_per_second": 146466.209, "total_flos": 4.952734229532672e+16, "train_loss": 0.0, "train/epoch": 1.9991673605328892}