{"eval/loss": 3.0295259952545166, "eval/model_preparation_time": 0.0023, "eval/runtime": 19.1669, "eval/samples_per_second": 78.312, "eval/steps_per_second": 9.809, "train/global_step": 600, "_timestamp": 1747089452.0503209, "_runtime": 448.6121437549591, "_step": 21, "train/loss": 2.4121, "train/grad_norm": 1.03125, "train/learning_rate": 0.0005, "train/epoch": 1.9991673605328892, "train_runtime": 406.4105, "train_samples_per_second": 59.098, "train_steps_per_second": 1.476, "total_flos": 4.952734229532672e+16, "train_loss": 1.2557774225870768}