{"eval/loss": 1.7836012840270996, "eval/model_preparation_time": 0.0025, "eval/runtime": 26.071, "eval/samples_per_second": 199.455, "eval/steps_per_second": 24.932, "train/global_step": 2184, "_timestamp": 1747161807.6073062, "_runtime": 2611.7699131965637, "_step": 46, "train/loss": 1.0924, "train/grad_norm": 0.953125, "train/learning_rate": 0.0005, "train/epoch": 2.0999951925388203, "train_runtime": 1046.9304, "train_samples_per_second": 79.474, "train_steps_per_second": 1.987, "total_flos": 7.761499898093568e+16, "train_loss": 0.8393464271838849}