{"eval/loss": 2.085675001144409, "eval/model_preparation_time": 0.0025, "eval/runtime": 10.949, "eval/samples_per_second": 75.532, "eval/steps_per_second": 9.499, "train/global_step": 165, "_timestamp": 1747159940.3047743, "_runtime": 268.2284903526306, "_step": 21, "train/loss": 2.4581, "train/grad_norm": 1.4921875, "train/learning_rate": 0.0005, "train/epoch": 0.9969788519637462, "train_runtime": 254.7406, "train_samples_per_second": 25.987, "train_steps_per_second": 0.648, "total_flos": 1.732161745575936e+16, "train_loss": 2.345983308734316}