{"eval/loss": 2.5520083904266357, "eval/model_preparation_time": 0.0027, "eval/runtime": 18.7146, "eval/samples_per_second": 80.205, "eval/steps_per_second": 10.046, "train/global_step": 300, "_timestamp": 1747159635.6746316, "_runtime": 440.6133065223694, "_step": 21, "train/loss": 2.6305, "train/grad_norm": 1.4453125, "train/learning_rate": 0.0005, "train/epoch": 0.9991673605328892, "train_runtime": 413.5343, "train_samples_per_second": 29.04, "train_steps_per_second": 0.725, "total_flos": 2.475282442973184e+16, "train_loss": 2.6649572118123372}