{"eval/loss": 3.0295448303222656, "eval/model_preparation_time": 0.0024, "eval/runtime": 18.6532, "eval/samples_per_second": 80.469, "eval/steps_per_second": 10.079, "train/global_step": 600, "_timestamp": 1747160844.1369376, "_runtime": 456.59455251693726, "_step": 21, "train/loss": 2.4169, "train/grad_norm": 1.046875, "train/learning_rate": 0.0005, "train/epoch": 1.9991673605328892, "train_runtime": 403.5175, "train_samples_per_second": 59.522, "train_steps_per_second": 1.487, "total_flos": 4.952734229532672e+16, "train_loss": 1.25587766011556}