{"eval/loss": 2.5520083904266357, "eval/model_preparation_time": 0.0023, "eval/runtime": 18.6946, "eval/samples_per_second": 80.291, "eval/steps_per_second": 10.056, "train/global_step": 300, "_timestamp": 1747087918.5868843, "_runtime": 436.17853832244873, "_step": 21, "train/loss": 2.6304, "train/grad_norm": 1.453125, "train/learning_rate": 0.0005, "train/epoch": 0.9991673605328892, "train_runtime": 411.4386, "train_samples_per_second": 29.188, "train_steps_per_second": 0.729, "total_flos": 2.475282442973184e+16, "train_loss": 2.66493657430013}