{"eval/loss": 2.813129425048828, "eval/model_preparation_time": 0.0024, "eval/runtime": 10.9012, "eval/samples_per_second": 75.863, "eval/steps_per_second": 9.54, "train/global_step": 330, "_timestamp": 1747161762.4296472, "_runtime": 34.30042219161987, "_step": 1, "train_runtime": 0.0041, "train_samples_per_second": 3211646.808, "train_steps_per_second": 80048.599, "total_flos": 3.453042290393088e+16, "train_loss": 0.0, "train/epoch": 1.9969788519637461}