{"eval/loss": 7.6931257247924805, "eval/model_preparation_time": 0.0064, "eval/runtime": 0.9589, "eval/samples_per_second": 73.0, "eval/steps_per_second": 9.386, "train/global_step": 173, "_timestamp": 1747334227.7110434, "_runtime": 202.25360941886902, "_step": 174, "train/loss": 6.574, "train/grad_norm": 1.3671875, "train/learning_rate": 4.423479392709484e-08, "train/epoch": 0.9985569985569985, "train_runtime": 199.0557, "train_samples_per_second": 34.814, "train_steps_per_second": 0.869, "total_flos": 6799425955430400.0, "train_loss": 6.684652940386292}