{"eval/loss": 8.167317390441895, "eval/model_preparation_time": 0.0064, "eval/runtime": 0.3264, "eval/samples_per_second": 214.442, "eval/steps_per_second": 27.571, "train/global_step": 519, "_timestamp": 1747335253.5046563, "_runtime": 1515.84929728508, "_step": 524, "train/loss": 7.2832, "train/grad_norm": 1.5234375, "train/learning_rate": 4.876097449896255e-09, "train/epoch": 2.9985569985569986, "train_runtime": 202.263, "train_samples_per_second": 102.787, "train_steps_per_second": 2.566, "total_flos": 2.03982778662912e+16, "train_loss": 2.4550378455821718, "_wandb": {"runtime": 1650}}