{"eval/loss": 8.16836166381836, "eval/model_preparation_time": 0.0064, "eval/runtime": 0.2455, "eval/samples_per_second": 285.151, "eval/steps_per_second": 36.662, "train/global_step": 346, "_timestamp": 1747334558.2642086, "_runtime": 820.6088495254517, "_step": 349, "train/loss": 7.3742, "train/grad_norm": 1.6484375, "train/learning_rate": 1.0993018567162505e-08, "train/epoch": 1.9985569985569986, "train_runtime": 197.3084, "train_samples_per_second": 70.245, "train_steps_per_second": 1.754, "total_flos": 1.35988519108608e+16, "train_loss": 3.69438292387593}