{"eval/loss": 1.7826472520828247, "eval/model_preparation_time": 0.0023, "eval/runtime": 26.124, "eval/samples_per_second": 199.051, "eval/steps_per_second": 24.881, "train/global_step": 3120, "_timestamp": 1747091006.3622446, "_runtime": 3524.7928256988525, "_step": 65, "train/loss": 1.4354, "train/grad_norm": 1.109375, "train/learning_rate": 0.0005, "train/epoch": 2.9999519253882028, "train_runtime": 1035.0576, "train_samples_per_second": 120.579, "train_steps_per_second": 3.014, "total_flos": 1.1642761093718016e+17, "train_loss": 0.4403130164513221}