{"_runtime": 239.62139773368835, "_step": 180, "_timestamp": 1747334679.4103227, "eval/loss": 9.77275276184082, "eval/model_preparation_time": 0.0066, "eval/runtime": 0.7895, "eval/samples_per_second": 88.667, "eval/steps_per_second": 11.4, "total_flos": 6799425955430400, "train/epoch": 1.028860028860029, "train/global_step": 178, "train/grad_norm": 11.9375, "train/learning_rate": 0.00025351659221689896, "train/loss": 9.063, "train_loss": 8.17569182511699, "train_runtime": 199.4467, "train_samples_per_second": 34.746, "train_steps_per_second": 0.867}