{"_runtime": 445.0037934780121, "_step": 349, "_timestamp": 1747334884.7927184, "eval/loss": 9.77275276184082, "eval/model_preparation_time": 0.0066, "eval/runtime": 0.7895, "eval/samples_per_second": 88.667, "eval/steps_per_second": 11.4, "total_flos": 1.35988519108608e+16, "train/epoch": 1.9985569985569986, "train/global_step": 346, "train/grad_norm": 1.421875, "train/learning_rate": 1.0993018567162505e-08, "train/loss": 7.9089, "train_loss": 3.9932595897961214, "train_runtime": 211.1474, "train_samples_per_second": 65.641, "train_steps_per_second": 1.639}