{"_runtime": 436.3445544242859, "_step": 349, "_timestamp": 1747334577.3950014, "eval/loss": 7.632326602935791, "eval/model_preparation_time": 0.0066, "eval/runtime": 1.101, "eval/samples_per_second": 63.581, "eval/steps_per_second": 8.175, "total_flos": 1.35988519108608e+16, "train/epoch": 1.9985569985569986, "train/global_step": 346, "train/grad_norm": 1.53125, "train/learning_rate": 1.0993018567162505e-08, "train/loss": 6.5472, "train_loss": 3.290865692789155, "train_runtime": 201.6652, "train_samples_per_second": 68.728, "train_steps_per_second": 1.716}