{"_runtime": 473.54364681243896, "_step": 351, "_timestamp": 1747335161.0570457, "eval/loss": 7.2994208335876465, "eval/model_preparation_time": 0.0065, "eval/runtime": 0.6436, "eval/samples_per_second": 108.765, "eval/steps_per_second": 13.984, "total_flos": 1.35988519108608e+16, "train/epoch": 1.9985569985569986, "train/global_step": 346, "train/grad_norm": 1.53125, "train/learning_rate": 1.0993018567162505e-08, "train/loss": 6.5472, "train_loss": 0.0, "train_runtime": 0.0029, "train_samples_per_second": 4776358.018, "train_steps_per_second": 119236.643}