{"eval/loss": 2.753997802734375, "eval/model_preparation_time": 0.0028, "eval/runtime": 11.2084, "eval/samples_per_second": 73.784, "eval/steps_per_second": 9.279, "train/global_step": 330, "_timestamp": 1747088968.0571115, "_runtime": 297.7592713832855, "_step": 22, "train/loss": 2.309, "train/grad_norm": 1.4296875, "train/learning_rate": 0.0005, "train/epoch": 1.9969788519637461, "train_runtime": 254.4705, "train_samples_per_second": 52.03, "train_steps_per_second": 1.297, "total_flos": 3.453042290393088e+16, "train_loss": 1.1538475282264478}